Chart Title: ,foraslvms6 Network Out (Avg)
,
Tue Nov 07 2017 15:00:00 GMT+0100 (CET),
Tue Nov 07 2017 17:10:00 GMT+0100 (CET),
Grain: Automatic,
Aggregation type: Avg,
Grouping: None,
Filters: None,
,
,"foraslvms6, Network Out (Avg)"
11/7/2017 14:42,0
11/7/2017 14:43,0
11/7/2017 14:44,0
11/7/2017 14:45,4.90909090909091
11/7/2017 14:46,16.3333333333333
11/7/2017 14:47,202.060606060606
11/7/2017 14:48,62.0606060606061
11/7/2017 14:49,1.63636363636364
11/7/2017 14:50,12.3636363636364
11/7/2017 14:51,106.121212121212
11/7/2017 14:52,3.27272727272727
11/7/2017 14:53,7.45454545454545
11/7/2017 14:54,1.75757575757576
11/7/2017 14:55,233.787878787879
11/7/2017 14:56,4.90909090909091
11/7/2017 14:57,16.7878787878788
11/7/2017 14:58,65.9393939393939
11/7/2017 14:59,11.8787878787879
11/7/2017 15:00,0
11/7/2017 15:01,16.7878787878788
11/7/2017 15:02,295879.484848485
11/7/2017 15:03,796326.242424242
11/7/2017 15:04,797129.393939394
11/7/2017 15:05,1100668.36363636
11/7/2017 15:06,1984189.87878788
11/7/2017 15:07,1966310.66666667
11/7/2017 15:08,2060892.42424242
11/7/2017 15:09,2531606.42424242
11/7/2017 15:10,2526895.45454545
11/7/2017 15:11,2542806.42424242
11/7/2017 15:12,2888663
11/7/2017 15:13,2908687.93939394
11/7/2017 15:14,2966398.72727273
11/7/2017 15:15,3118255.87878788
11/7/2017 15:16,3120052.90909091
11/7/2017 15:17,3106872
11/7/2017 15:18,3222609.27272727
11/7/2017 15:19,3231084.96969697
11/7/2017 15:20,3267176.39393939
11/7/2017 15:21,3286329.39393939
11/7/2017 15:22,3316522.24242424
11/7/2017 15:23,3335161.57575758
11/7/2017 15:24,3335776.18181818
11/7/2017 15:25,3331204.54545455
11/7/2017 15:26,3339011.51515151
11/7/2017 15:27,3345864.78787879
11/7/2017 15:28,3340222.57575758
11/7/2017 15:29,3340474.3030303
11/7/2017 15:30,1762005.6969697
11/7/2017 15:31,18.9090909090909
11/7/2017 15:32,16.4242424242424
11/7/2017 15:33,10.7272727272727
11/7/2017 15:34,432919.848484849
11/7/2017 15:35,12254013.2424242
11/7/2017 15:36,12592256.3333333
11/7/2017 15:37,12087309.4848485
11/7/2017 15:38,21757006.5454545
11/7/2017 15:39,22083266.6969697
11/7/2017 15:40,22089166.1212121
11/7/2017 15:41,22120162.7878788
11/7/2017 15:42,22118725.8787879
11/7/2017 15:43,22225810.6363636
11/7/2017 15:44,22090388.7878788
11/7/2017 15:45,22130783.3030303
11/7/2017 15:46,22195686.5757576
11/7/2017 15:47,22154259.2121212
11/7/2017 15:48,22189885
11/7/2017 15:49,22160224.6060606
11/7/2017 15:50,22118788.8484848
11/7/2017 15:51,22172706.7878788
11/7/2017 15:52,22119950
11/7/2017 15:53,22332139.4242424
11/7/2017 15:54,22142453.7878788
11/7/2017 15:55,22220268.4242424
11/7/2017 15:56,22148359.5454545
11/7/2017 15:57,22243923.3030303
11/7/2017 15:58,22137281.8787879
11/7/2017 15:59,22248928.5454545
11/7/2017 16:00,22130600.4242424
11/7/2017 16:01,22266675.6363636
11/7/2017 16:02,19194860.2424242
11/7/2017 16:03,11.8787878787879
11/7/2017 16:04,8.06060606060606
11/7/2017 16:05,16.7878787878788
11/7/2017 16:06,0
11/7/2017 16:07,3839.69696969697
11/7/2017 16:08,1003.09090909091
11/7/2017 16:09,99.2727272727273
11/7/2017 16:10,429.272727272727
11/7/2017 16:11,145132.424242424
11/7/2017 16:12,146946.727272727
11/7/2017 16:13,144629.515151515
11/7/2017 16:14,547009.545454545
11/7/2017 16:15,503031.515151515
11/7/2017 16:16,660061.878787879
11/7/2017 16:17,880373.575757576
11/7/2017 16:18,938457.93939394
11/7/2017 16:19,948081.272727273
11/7/2017 16:20,1082868.48484848
11/7/2017 16:21,1141687.57575758
11/7/2017 16:22,1092556.24242424
11/7/2017 16:23,1220524.12121212
11/7/2017 16:24,1261815.27272727
11/7/2017 16:25,1262137.63636364
11/7/2017 16:26,1308342.18181818
11/7/2017 16:27,1369821.21212121
11/7/2017 16:28,1360789.27272727
11/7/2017 16:29,1360277.6969697
11/7/2017 16:30,1339406.84848485
11/7/2017 16:31,1324741.6969697
11/7/2017 16:32,1354930.72727273
11/7/2017 16:33,1431038.42424242
11/7/2017 16:34,1399278.18181818
11/7/2017 16:35,1358176
11/7/2017 16:36,1380955.63636364
11/7/2017 16:37,1420224.72727273
11/7/2017 16:38,1246727.03030303
11/7/2017 16:39,5.81818181818182
11/7/2017 16:40,1559807.36363636
11/7/2017 16:41,2195678.51515152
11/7/2017 16:42,2203442.6969697
11/7/2017 16:43,6292798.24242424
11/7/2017 16:44,8867007.39393939
11/7/2017 16:45,8877943.3939394
11/7/2017 16:46,11317461.030303
11/7/2017 16:47,14031392.4848485
11/7/2017 16:48,13944252.1515152
11/7/2017 16:49,14991135.4242424
11/7/2017 16:50,16640483.6666667
11/7/2017 16:51,16502345.6060606
11/7/2017 16:52,17842011.6969697
11/7/2017 16:53,18762922.8484848
11/7/2017 16:54,18847215.8181818
11/7/2017 16:55,19266908.6666667
11/7/2017 16:56,20522687.4545455
11/7/2017 16:57,20511260.0606061
11/7/2017 16:58,21002879.0909091
11/7/2017 16:59,21978440.030303
11/7/2017 17:00,21855352.7575758
11/7/2017 17:01,22017401.6363636
11/7/2017 17:02,22607642
11/7/2017 17:03,21946909
11/7/2017 17:04,22067277
11/7/2017 17:05,21984580.4545455
11/7/2017 17:06,22090062.8484848
11/7/2017 17:07,21888295.3636364
11/7/2017 17:08,4138252.24242424
11/7/2017 17:09,13.5151515151515
11/7/2017 17:10,4.90909090909091
11/7/2017 17:11,16.7878787878788
11/7/2017 17:12,7.90909090909091
11/7/2017 17:13,15.1515151515152
11/7/2017 17:14,0
11/7/2017 17:15,15.1515151515152
11/7/2017 17:16,1.63636363636364
